Group,Filename,SHA-256,MD5,Source Link,Date Obtained (dd/mm/yyyy),Type,Family,Attribution,Links,Date Obtained (MM/DD/YYYY)
admin@388,VirusShare_d76261ba3b624933a6ebb5dd73758db4,ea93e3209f56a069f8dbd210b4a1a9429ce76b761940f4ace743b79b67a7c9b6,d76261ba3b624933a6ebb5dd73758db4,https://www.fireeye.com/blog/threat-research/2015/11/china-based-threat.html,,exe,dynamer lowball bkdr,Malicous Payload that's used in most admin388 attacks , https://www.fireeye.com/blog/threat-research/2015/11/china-based-threat.html,10/14/2025
APT1,VirusShare_A76419A2FCA12427C887895E12A3442B,30e113f403c5349035969938aaf7953737709831c12a4d954d4bb6abd551a50e,A76419A2FCA12427C887895E12A3442B,https://cdn0.vox-cdn.com/assets/4589853/crowdstrike-intelligence-report-putter-panda.original.pdf ,,exe,doris matchaldru cryp,"Executable linked to APT1�s BISCUIT backdoor, used for remote access and data exfiltration 1",https://cdn0.vox-cdn.com/assets/4589853/crowdstrike-intelligence-report-putter-panda.original.pdf ,10/14/2025
APT1,VirusShare_BC4E9DAD71B844DD3233CFBBB96C1BD3,a4314fed1ada801ff078ad4e42845b9781398ea574516972cfa6da50cc304b50,BC4E9DAD71B844DD3233CFBBB96C1BD3,https://cdn0.vox-cdn.com/assets/4589853/crowdstrike-intelligence-report-putter-panda.original.pdf ,,dll,umper symmi dgyp,"DLL component of APT1�s malware arsenal, likely used for credential theft or lateral movement 1",https://cdn0.vox-cdn.com/assets/4589853/crowdstrike-intelligence-report-putter-panda.original.pdf ,10/14/2025
apt41,VirusShare_ccdcad8c74aac5c706cbad7e7ce085d1,2e46fcadacfe9e2a63cfc18d95d5870de8b3414462bf14ba9e7c517678f235c9,ccdcad8c74aac5c706cbad7e7ce085d1,https://cloud.google.com/blog/topics/threat-intelligence/apt41-arisen-from-dust ,,ddll,shadowpad fragtor agentb,identified as ShadowPad malware loaders linked to a targeted cyber-espionage campaign,https://cloud.google.com/blog/topics/threat-intelligence/apt41-arisen-from-dust ,10/14/2025
apt41,VirusShare_17d0ada8f5610ff29f2e8eaf0e3bb578,c3efcb6efad675613721910a783389a646b2d138c7721df9849b28952d25bcfc,17d0ada8f5610ff29f2e8eaf0e3bb578,https://cloud.google.com/blog/topics/threat-intelligence/apt41-arisen-from-dust ,,dll,DUSTPAN fragtor dllhijacker addr,Trojanized for DUSTPAN loader execution,https://cloud.google.com/blog/topics/threat-intelligence/apt41-arisen-from-dust ,10/14/2025
apt41,VirusShare_393065ef9754e3f39b24b2d1051eab61,33fd050760e251ab932e5ca4311b494ef72cee157b20537ce773420845302e49,393065ef9754e3f39b24b2d1051eab61,https://cloud.google.com/blog/topics/threat-intelligence/apt41-arisen-from-dust ,,dll,DUSTTRAP ulise malgent agentb,DUSTTRAP plugin DLL used for network operations,https://cloud.google.com/blog/topics/threat-intelligence/apt41-arisen-from-dust ,10/14/2025
apt41,VirusShare_9991ce9d2746313f505dbf0487337082,069ca8ae8a3909aa4717832d911d646c536fed4c907866724f74daf4d740f41a,9991ce9d2746313f505dbf0487337082,https://cloud.google.com/blog/topics/threat-intelligence/apt41-arisen-from-dust ,,dll,DUSTTRAP lazy dllhijacker nbbuy,Used as plugin container in DUSTTRAP,https://cloud.google.com/blog/topics/threat-intelligence/apt41-arisen-from-dust ,10/14/2025
apt41,VirusShare_c33247bc3e7e8cb72133e47930e6ddad,22a50cea6ad67a7e8582d2cd4cdc3eaaf57c0fbe8cd062a9b15710166e255a86,c33247bc3e7e8cb72133e47930e6ddad,https://cloud.google.com/blog/topics/threat-intelligence/apt41-arisen-from-dust ,,dll,DUSTTRAP lazy dllhijacker,Variant of DUSTTRAP plugin DLL,https://cloud.google.com/blog/topics/threat-intelligence/apt41-arisen-from-dust ,10/14/2025
apt41,VirusShare_e98b9e21928252332edf934f3d18ac21,7586e58a569c2a07d0b3a710616f48833a040bf3fc57628bbdec7fcb462d565a,e98b9e21928252332edf934f3d18ac21,https://cloud.google.com/blog/topics/threat-intelligence/apt41-arisen-from-dust ,,dll,DUSTTRAP dllhijacker lazy bdzt,DUSTTRAP plugin variant,https://cloud.google.com/blog/topics/threat-intelligence/apt41-arisen-from-dust ,10/14/2025
apt41,VirusShare_8222352a61eacca3a1c6517956aa0b55,c7dce6c950735bfcf2125be8eb1f3dd468eeb56a1c615c34f95bf38cb58b7d3a,8222352a61eacca3a1c6517956aa0b55,https://cloud.google.com/blog/topics/threat-intelligence/apt41-arisen-from-dust ,,dll,DUSTTRAP dllhijacker lazy,Used in modular plugin system,https://cloud.google.com/blog/topics/threat-intelligence/apt41-arisen-from-dust ,10/14/2025
apt41,VirusShare_1647a2c92fc799bd83b0ee33c98ad187,eba3138d0f3d2385b55b08d8886b1018834d194440691d33d612402ba8a11d28,1647a2c92fc799bd83b0ee33c98ad187,https://blog.talosintelligence.com/chinese-hacking-group-apt41-compromised-taiwanese-government-affiliated-research-institute-with-shadowpad-and-cobaltstrike-2/,,win32.dll,shadowpad fragtor genericrxtw,identified as ShadowPad malware loaders linked to a targeted cyber-espionage campaign,https://blog.talosintelligence.com/chinese-hacking-group-apt41-compromised-taiwanese-government-affiliated-research-institute-with-shadowpad-and-cobaltstrike-2/,10/14/2025
apt41,VirusShare_cfce85548436fb89a83bf34dc17f325d,073b35ecbd1833575fbfb1307654fc532fd938482e09426cfb0541ad87a04f75,cfce85548436fb89a83bf34dc17f325d,https://cloud.google.com/blog/topics/threat-intelligence/apt41-arisen-from-dust ,,dll,DUSTTRAP,Trojanized for plugin execution in memory,https://cloud.google.com/blog/topics/threat-intelligence/apt41-arisen-from-dust ,10/14/2025
apt41,VirusShare_d72f202c1d684c9a19f075290a60920f,c6a3a1ea84251aed908702a1f2a565496d583239c5f467f5dcd0cfc5bfb1a6db,d72f202c1d684c9a19f075290a60920f,https://cloud.google.com/blog/topics/threat-intelligence/apt41-arisen-from-dust ,,dll,DUSTTRAP,Trojanized DLL for plugin loading,https://cloud.google.com/blog/topics/threat-intelligence/apt41-arisen-from-dust ,10/14/2025
Deep Panda ,VirusShare_02FAB24461956458D70AEED1A028EB9C,3fe208273288fc4d8db1bf20078d550e321d9bc5b9ab80c93d79d2cb05cbf8c2,02FAB24461956458D70AEED1A028EB9C,https://threatconnect.com/blog/the-anthem-hack-all-roads-lead-to-china/,,dll,graftor derusbi dapato,Used in espionage operations targeting healthcare and defense sectors,https://threatconnect.com/blog/the-anthem-hack-all-roads-lead-to-china/,10/14/2025
Deep Panda ,VirusShare_0A9545F9FC7A6D8596CF07A59F400FD3,77421106548e69e9666c538ad628918cad7cfcf8f6aa7825f71a4fc39e522a7d,0A9545F9FC7A6D8596CF07A59F400FD3,https://threatconnect.com/blog/the-anthem-hack-all-roads-lead-to-china/,,dll,derusbi bulz aptwinnti,Digitally signed with DTOPTOOLZ Co. certificate; used in Sakula backdoor,https://threatconnect.com/blog/the-anthem-hack-all-roads-lead-to-china/,10/14/2025
Deep Panda ,VirusShare_98721c78dfbf8a45d152a888c804427c,8d168092d5601ebbaed24ec3caeef7454c48cf21366cd76560755eb33aff89e9,98721c78dfbf8a45d152a888c804427c,https://threatconnect.com/blog/the-anthem-hack-all-roads-lead-to-china/,,dll,jatif sakelua sakurel,Variant of Derusbi/Sakula malware; linked to faux infrastructure mimicking Wellpoint,https://threatconnect.com/blog/the-anthem-hack-all-roads-lead-to-china/,10/14/2025
HAFNIUM ,VirusShare_5544ba9ad1b56101b5d52b5270421d4a,511df0e2df9bfa5521b588cc4bb5f8c5a321801b803394ebc493db1ef3c78fa1,5544ba9ad1b56101b5d52b5270421d4a,https://www.microsoft.com/en-us/security/blog/2021/03/02/hafnium-targeting-exchange-servers/,,Txt ,webshell chopper bckdr,Malicious script deployed as part of web shell infrastructure for persistence and lateral movement,HAFNIUM targeting Exchange Servers with 0-day exploits | Microsoft Security Blog,10/14/2025
HAFNIUM ,VirusShare_4b3039cf227c611c45d2242d1228a121,b75f163ca9b9240bf4b37ad92bc7556b40a17e27c2b8ed5c8991385fe07d17d0,4b3039cf227c611c45d2242d1228a121,https://www.microsoft.com/en-us/security/blog/2021/03/02/hafnium-targeting-exchange-servers/,,html,secchecker java webshell,ASP-based web shell used for remote command execution post-exploitation,HAFNIUM targeting Exchange Servers with 0-day exploits | Microsoft Security Blog,10/14/2025
Menupass,VirusShare_c1cb28327d3364768d1c1e4ce0d9bc07,"2c71eb5c781daa43047fa6e3d85d51a061aa1dfa41feb338e0d4139a6dfd6910
",c1cb28327d3364768d1c1e4ce0d9bc07,https://unit42.paloaltonetworks.com/unit42-menupass-returns-new-malware-new-attacks-japanese-academics-organizations/,,exe,chches midie bkdr,Executable used in phishing emails targeting Japanese webmail users,https://unit42.paloaltonetworks.com/unit42-menupass-returns-new-malware-new-attacks-japanese-academics-organizations/,10/14/2025
Menupass,VirusShare_8a93859e5f7079d6746832a3a22ff65c,ae6b45a92384f6e43672e617c53a44225e2944d66c1ffb074694526386074145,8a93859e5f7079d6746832a3a22ff65c,https://unit42.paloaltonetworks.com/unit42-menupass-returns-new-malware-new-attacks-japanese-academics-organizations/,,exe,chches fugrafa apt10,ChChes sample masquerading as a game executable,https://unit42.paloaltonetworks.com/unit42-menupass-returns-new-malware-new-attacks-japanese-academics-organizations/,10/14/2025
Menupass,VirusShare_c0c8dcc9dad39da8278bf8956e30a3fc,6605b27e95f5c3c8012e4a75d1861786fb749b9a712a5f4871adbad81addb59e,c0c8dcc9dad39da8278bf8956e30a3fc,https://unit42.paloaltonetworks.com/unit42-menupass-returns-new-malware-new-attacks-japanese-academics-organizations/,,doc,chches zusy apt10,ChChes dropper disguised as a Word document,https://unit42.paloaltonetworks.com/unit42-menupass-returns-new-malware-new-attacks-japanese-academics-organizations/,10/14/2025
Menupass,VirusShare_3afa9243b3aeb534e02426569d85e517,5961861d2b9f50d05055814e6bfd1c6291b30719f8a4d02d4cf80c2e87753fa1,3afa9243b3aeb534e02426569d85e517,https://unit42.paloaltonetworks.com/unit42-menupass-returns-new-malware-new-attacks-japanese-academics-organizations/,,exe,blocker chches jubg,ChChes malware sample used for initial beaconing,https://unit42.paloaltonetworks.com/unit42-menupass-returns-new-malware-new-attacks-japanese-academics-organizations/,10/14/2025
Menupass,VirusShare_37c89f291dbe880b1f3ac036e6b9c558,e90064884190b14a6621c18d1f9719a37b9e5f98506e28ff0636438e3282098b,37c89f291dbe880b1f3ac036e6b9c558,https://unit42.paloaltonetworks.com/unit42-menupass-returns-new-malware-new-attacks-japanese-academics-organizations/,,exe,chches apt10 bkdr,Variant of ChChes with AES-encrypted C2 communication,https://unit42.paloaltonetworks.com/unit42-menupass-returns-new-malware-new-attacks-japanese-academics-organizations/,10/14/2025
Menupass,VirusShare_b0649c1f7fb15796805ca983fd8f95a3,fd6a956a7708708cddff78c8505c7db73d7c4e961da8a3c00cc5a51171a92b7b,b0649c1f7fb15796805ca983fd8f95a3,https://unit42.paloaltonetworks.com/unit42-menupass-returns-new-malware-new-attacks-japanese-academics-organizations/,,exe,chches apt10 blocker,ChChes variant used for reconnaissance and lateral movement,https://unit42.paloaltonetworks.com/unit42-menupass-returns-new-malware-new-attacks-japanese-academics-organizations/,10/14/2025
APT29,3ac8c22eb7c59d35fe49c20f2a0eca06765543dfb15f455a5557af4428066641,3ac8c22eb7c59d35fe49c20f2a0eca06765543dfb15f455a5557af4428066641,,https://bazaar.abuse.ch/sample/3ac8c22eb7c59d35fe49c20f2a0eca06765543dfb15f455a5557af4428066641/,.EXE,exe,EnvyScout,Beginnings of loading device to a command and control center by abusing html loaders,https://bazaar.abuse.ch/sample/3ac8c22eb7c59d35fe49c20f2a0eca06765543dfb15f455a5557af4428066641/,10/14/2025
APT29,win_graphical_proton_c7b01242d2e15c3da0f45b8adec4e6913e534849cde16a2a6c480045e03fbee4,c7b01242d2e15c3da0f45b8adec4e6913e534849cde16a2a6c480045e03fbee4,,https://bazaar.abuse.ch/sample/c7b01242d2e15c3da0f45b8adec4e6913e534849cde16a2a6c480045e03fbee4/,.EXE,exe,GraphicalProton,Backdoor implant used by APT29,https://bazaar.abuse.ch/sample/c7b01242d2e15c3da0f45b8adec4e6913e534849cde16a2a6c480045e03fbee4/,10/14/2025
APT29,vcruntime140.dll,72b92683052e0c813890caf7b4f8bfd331a8b2afc324dd545d46138f677178c4,,https://bazaar.abuse.ch/sample/72b92683052e0c813890caf7b4f8bfd331a8b2afc324dd545d46138f677178c4/,.EXE,exe,WineLoader,Backdoor loader for cross-compatibility ,https://bazaar.abuse.ch/sample/72b92683052e0c813890caf7b4f8bfd331a8b2afc324dd545d46138f677178c4/,10/14/2025
APT29,wine.pdf,3739b2eae11c8367b576869b68d502b97676fb68d18cc0045f661fbe354afcb9,,https://bazaar.abuse.ch/sample/3739b2eae11c8367b576869b68d502b97676fb68d18cc0045f661fbe354afcb9/,.pdf,pdf,WineLoader,Wineloader backdoor in pdf format ,https://bazaar.abuse.ch/sample/3739b2eae11c8367b576869b68d502b97676fb68d18cc0045f661fbe354afcb9/,10/14/2025
APT29,137e183d5428123d5f0ff3313276cdbed30222db03ec995732dc797ec8053ac4,137e183d5428123d5f0ff3313276cdbed30222db03ec995732dc797ec8053ac4,,https://bazaar.abuse.ch/sample/137e183d5428123d5f0ff3313276cdbed30222db03ec995732dc797ec8053ac4/,.lnk,lnk,EnvyScout,Initial command and control link by using .lnk format,https://bazaar.abuse.ch/sample/137e183d5428123d5f0ff3313276cdbed30222db03ec995732dc797ec8053ac4/,10/14/2025
APT29,ceb859610faa19dc898a4d2351e28c84.html,dcf48223af8bb423a0b6d4a366163b9308e9102764f0e188318a53f18d6abd25,,https://bazaar.abuse.ch/sample/dcf48223af8bb423a0b6d4a366163b9308e9102764f0e188318a53f18d6abd25/,.html,html,EnvyScout,Initial command and control link by using .html format,https://bazaar.abuse.ch/sample/dcf48223af8bb423a0b6d4a366163b9308e9102764f0e188318a53f18d6abd25/,10/14/2025
Gamaredon,7ZSfxMod_x86.exe,c9ffc90487ddcb4bb0540ea4e2a1ce040740371bb0f3ad70e36824d486058349,,https://bazaar.abuse.ch/sample/c9ffc90487ddcb4bb0540ea4e2a1ce040740371bb0f3ad70e36824d486058349/,.EXE,exe,Pterodo,Malware spread throuhg various file types to initialize backdoor for Gamaredon,https://bazaar.abuse.ch/sample/c9ffc90487ddcb4bb0540ea4e2a1ce040740371bb0f3ad70e36824d486058349/,10/14/2025
Gamaredon,3e84ce7b8a3c8bab4cdc62b4fcc5761d368f4599d2838684f6d33d4a2a9191d4,3e84ce7b8a3c8bab4cdc62b4fcc5761d368f4599d2838684f6d33d4a2a9191d4,,https://bazaar.abuse.ch/sample/3e84ce7b8a3c8bab4cdc62b4fcc5761d368f4599d2838684f6d33d4a2a9191d4/,.EXE,exe,Alien,Banking Trojan that can remotely control phone ,https://bazaar.abuse.ch/sample/3e84ce7b8a3c8bab4cdc62b4fcc5761d368f4599d2838684f6d33d4a2a9191d4/,10/14/2025
Gamaredon,7ZSfxMod_x86.exe,fbb6d99412b83621dc8f5293d42ebc75546d9144cab5f43fddc40d3f0c61daac,,https://bazaar.abuse.ch/sample/fbb6d99412b83621dc8f5293d42ebc75546d9144cab5f43fddc40d3f0c61daac/,.EXE,exe,Dedok,"RAT for Gamaredon that intercepts keystrokes, screenshots, saves active applications",https://bazaar.abuse.ch/sample/fbb6d99412b83621dc8f5293d42ebc75546d9144cab5f43fddc40d3f0c61daac/,10/14/2025
Gamaredon,faa55cc2c4ad1d49136da1677052765b.doc,03ebc4abc7ee8bbdc17e694b83e6294840281c7d0bc8aa86ab786e5389923b44,,https://bazaar.abuse.ch/sample/03ebc4abc7ee8bbdc17e694b83e6294840281c7d0bc8aa86ab786e5389923b44/,.doc,doc,Gamaredon,A malicious doc with embedded OLE streams; fetches remote template from allegiance26.agasypo.ru,https://bazaar.abuse.ch/sample/03ebc4abc7ee8bbdc17e694b83e6294840281c7d0bc8aa86ab786e5389923b44/,10/14/2025
Gamaredon,7c3c090959feaaa4ce79a3fce729d5fbdbed55ac4000115cfac0a63c527c2b7f.docx,7c3c090959feaaa4ce79a3fce729d5fbdbed55ac4000115cfac0a63c527c2b7f,,https://bazaar.abuse.ch/sample/7c3c090959feaaa4ce79a3fce729d5fbdbed55ac4000115cfac0a63c527c2b7f/,.doc,doc,W97M,Fetches files from Jaculus.ru and abuses OPENXML for dropping,https://bazaar.abuse.ch/sample/7c3c090959feaaa4ce79a3fce729d5fbdbed55ac4000115cfac0a63c527c2b7f/,10/14/2025
Gamaredon,sample.vb,e1f7f401bdb00cc775e0f957bb37b4e654596aa8324ec9dd8085d317939d6a3a,,https://bazaar.abuse.ch/sample/e1f7f401bdb00cc775e0f957bb37b4e654596aa8324ec9dd8085d317939d6a3a/,.vba,vba,Pterodo,Malware spread throuhg various file types to initialize backdoor for Gamaredon,https://bazaar.abuse.ch/sample/e1f7f401bdb00cc775e0f957bb37b4e654596aa8324ec9dd8085d317939d6a3a/,10/14/2025
Evilnum,3.msi,2461d5d8eb8bfaa6b178fe2c457c215bbea85443a7d33bb007aa7dce52428d18,,https://bazaar.abuse.ch/sample/2461d5d8eb8bfaa6b178fe2c457c215bbea85443a7d33bb007aa7dce52428d18/,.msi,msi,Evilnum,"Drops files, creates multiple startup registries for command and control ",https://bazaar.abuse.ch/sample/2461d5d8eb8bfaa6b178fe2c457c215bbea85443a7d33bb007aa7dce52428d18/,10/14/2025
Evilnum,front.jpg.lnk,fd78f398e7cc8ced62deba213e0218d780357bcf89e01b748f8ed1e252ac3b21,,https://bazaar.abuse.ch/sample/fd78f398e7cc8ced62deba213e0218d780357bcf89e01b748f8ed1e252ac3b21/,.ink,lnk,DownInk,"LNK launches cmd.exe, runs curl, and fetches payload from Pastebin",https://bazaar.abuse.ch/sample/fd78f398e7cc8ced62deba213e0218d780357bcf89e01b748f8ed1e252ac3b21/,10/14/2025
